repository_url,repository_language,repository_watchers
https://github.com/subtleGradient/javascript-tools.tmbundle,JavaScript,626
https://github.com/AFNetworking/AFNetworking,Objective-C,2557
https://github.com/netty/netty,Java,751
https://github.com/joshfng/railsready,Shell,529
https://github.com/defunkt/facebox,JavaScript,1695
https://github.com/saasbook/hw3_rottenpotatoes,Ruby,3230
https://github.com/johnezang/JSONKit,Objective-C,2174
https://github.com/BorisMoore/jsrender,JavaScript,599
https://github.com/nathanborror/django-basic-apps,Python,602
https://github.com/wr0ngway/rubber,Ruby,556
https://github.com/danvk/dygraphs,JavaScript,654
https://github.com/twitter/finagle,Scala,1000
https://github.com/escoz/QuickDialog,Objective-C,1226
https://github.com/defunkt/hub,Ruby,1128
https://github.com/restsharp/RestSharp,C#,661
https://github.com/creationix/wheat,JavaScript,627
https://github.com/rubiii/savon,Ruby,804
https://github.com/EllisLab/CodeIgniter,PHP,3121
https://github.com/mojombo/grit,Ruby,1286
https://github.com/cowboy/grunt,JavaScript,1210
https://github.com/abraham/twitteroauth,PHP,1247
https://github.com/mythz/jquip,JavaScript,1223
https://github.com/CocoaPods/CocoaPods,Ruby,897
https://github.com/codeguy/Slim,PHP,1249
https://github.com/kissyteam/kissy,JavaScript,521
https://github.com/jeremyevans/sequel,Ruby,677
https://github.com/prawnpdf/prawn,Ruby,1536
https://github.com/doctrine/doctrine2,PHP,1297
https://github.com/technomancy/leiningen,Clojure,1369
https://github.com/cinder/Cinder,C++,804
https://github.com/unconed/TermKit,JavaScript,3614
https://github.com/rsms/kod,Objective-C,2538
https://github.com/douglascrockford/JSLint,JavaScript,1130
https://github.com/AutoMapper/AutoMapper,C#,753
https://github.com/raganwald/homoiconic,Ruby,890
https://github.com/pdfkit/pdfkit,Ruby,1076
https://github.com/cldwalker/hirb,Ruby,636
https://github.com/vfr/Reader,Objective-C,743
https://github.com/robey/kestrel,Scala,1358
https://github.com/zwaldowski/BlocksKit,Objective-C,713
https://github.com/achiu/consular,Ruby,643
https://github.com/6wunderkinder/wunderlist,JavaScript,722
https://github.com/davatron5000/FitVids.js,JavaScript,776
https://github.com/appendto/amplify,JavaScript,666
https://github.com/holman/boom,Ruby,504
https://github.com/intridea/hashie,Ruby,591
https://github.com/intridea/oauth2,Ruby,709
https://github.com/yyx990803/HTML5-Clear,JavaScript,604
https://github.com/xaviershay/enki,Ruby,773
https://github.com/dpp/liftweb,Scala,639
https://github.com/ctran/annotate_models,Ruby,697
https://github.com/Caged/gitnub,Ruby,1100
https://github.com/alipay/alice,JavaScript,562
https://github.com/tpope/vim-fugitive,VimL,1928
https://github.com/carlhuda/janus,VimL,3180
https://github.com/robrighter/node-boilerplate,JavaScript,653
https://github.com/maccman/bowline,Ruby,656
https://github.com/samsoffes/sstoolkit,Objective-C,1070
https://github.com/balupton/history.js,JavaScript,2551
https://github.com/fog/fog,Ruby,1977
https://github.com/jcasimir/draper,Ruby,970
https://github.com/tenderlove/nokogiri,Ruby,1622
https://github.com/Gazler/githug,Ruby,767
https://github.com/yiisoft/yii,PHP,1084
https://github.com/sferik/rails_admin,Ruby,3011
https://github.com/ccoenraets/backbone-directory,PHP,589
https://github.com/madrobby/zepto,JavaScript,3341
https://github.com/pa7/heatmap.js,JavaScript,579
https://github.com/Kicksend/mailcheck,JavaScript,1721
https://github.com/midgetspy/Sick-Beard,Python,1419
https://github.com/harvesthq/chosen,JavaScript,6008
https://github.com/rmm5t/jquery-timeago,JavaScript,1083
https://github.com/jaz303/tipsy,JavaScript,1067
https://github.com/codeparty/derby,CoffeeScript,683
https://github.com/VeriteCo/Timeline,JavaScript,1247
https://github.com/b4winckler/macvim,C,2372
https://github.com/CloudMade/Leaflet,JavaScript,1932
https://github.com/nicklockwood/iCarousel,Objective-C,1063
https://github.com/miksago/node-websocket-server,JavaScript,677
https://github.com/mongodb/mongo-python-driver,Python,686
https://github.com/shoes/shoes,C,605
https://github.com/apache/couchdb,Erlang,1038
https://github.com/magicalpanda/MagicalRecord,Objective-C,1201
https://github.com/harrah/xsbt,Scala,1039
https://github.com/nrk/predis,PHP,564
https://github.com/jnunemaker/mongomapper,Ruby,1454
https://github.com/stonean/slim,Ruby,1093
https://github.com/elixir-lang/elixir,Elixir,733
https://github.com/yui/yui3,JavaScript,1678
https://github.com/ushahidi/Ushahidi_Web,PHP,507
https://github.com/ruboto/ruboto,Ruby,551
https://github.com/sstephenson/eco,CoffeeScript,889
https://github.com/wvanbergen/request-log-analyzer,Ruby,1064
https://github.com/remy/html5demos,JavaScript,1895
https://github.com/makeable/Notificon,JavaScript,869
https://github.com/paulasmuth/recommendify,Ruby,772
https://github.com/welaika/wordless,PHP,701
https://github.com/ryanb/cancan,Ruby,3263
https://github.com/Nyx0uf/NYXImagesKit,Objective-C,805
https://github.com/mileszs/wicked_pdf,Ruby,620
https://github.com/markevans/dragonfly,Ruby,857
https://github.com/jm/rails-templates,Ruby,546
https://github.com/martinrusev/amon,Python,690
https://github.com/baudehlo/Haraka,JavaScript,635
https://github.com/sporkrb/spork,Ruby,942
https://github.com/railsbp/rails_best_practices,Ruby,1208
https://github.com/javan/whenever,Ruby,2531
https://github.com/kuroir/SCSS.tmbundle,Ruby,558
https://github.com/madrobby/scriptaculous,JavaScript,2161
https://github.com/markitup/1.x,JavaScript,507
https://github.com/klbostee/dumbo,Python,591
https://github.com/PaulUithol/Backbone-relational,JavaScript,713
https://github.com/andi/simple-navigation,Ruby,538
https://github.com/thermogl/TISwipeableTableView,Objective-C,553
https://github.com/postrank-labs/goliath,Ruby,1042
https://github.com/johannilsson/android-pulltorefresh,Java,595
https://github.com/soulwire/Coffee-Physics,JavaScript,503
https://github.com/taitems/Aristo-jQuery-UI-Theme,JavaScript,1344
https://github.com/LeaVerou/animatable,JavaScript,639
https://github.com/igrigorik/em-synchrony,Ruby,525
https://github.com/codejoust/session.js,JavaScript,1025
https://github.com/sporkd/compass-html5-boilerplate,JavaScript,651
https://github.com/astro/gitpop,JavaScript,694
https://github.com/earle/django-bootstrap,Python,591
https://github.com/kchmck/vim-coffee-script,VimL,617
https://github.com/robbyrussell/oh-my-zsh,Shell,5216
https://github.com/php/php-src,C,2034
https://github.com/phonegap/phonegap-plugins,JavaScript,1350
https://github.com/collectiveidea/acts_as_audited,Ruby,598
https://github.com/functional-koans/clojure-koans,Clojure,622
https://github.com/arya/bluepill,Ruby,811
https://github.com/jasonmorrissey/JMTabView,Objective-C,535
https://github.com/rs/SafariOmnibar,Objective-C,549
https://github.com/imakewebthings/jquery-waypoints,JavaScript,1115
https://github.com/chriso/node.io,JavaScript,1026
https://github.com/teambox/teambox,Ruby,1373
https://github.com/ryanb/nested_form,Ruby,806
https://github.com/h5bp/html5-boilerplate,JavaScript,12358
https://github.com/justinfrench/formtastic,Ruby,3768
https://github.com/arashpayan/appirater,Objective-C,1067
https://github.com/avalanche123/Imagine,PHP,892
https://github.com/scrooloose/nerdtree,VimL,1489
https://github.com/github/markup,Ruby,759
https://github.com/github/gollum,Ruby,2003
https://github.com/trentrichardson/jQuery-Timepicker-Addon,,863
https://github.com/philc/vimium,JavaScript,740
https://github.com/malarkey/320andup,JavaScript,1076
https://github.com/blueimp/jQuery-File-Upload,JavaScript,5256
https://github.com/scrooloose/syntastic,VimL,720
https://github.com/andrewplummer/Sugar,JavaScript,850
https://github.com/fatfreecrm/fat_free_crm,Ruby,1820
https://github.com/ariya/phantomjs,C++,1965
https://github.com/MugunthKumar/MKNetworkKit,Objective-C,721
https://github.com/razorjack/quicksand,JavaScript,1068
https://github.com/tobi/clarity,Ruby,612
https://github.com/brunch/brunch,CoffeeScript,995
https://github.com/SignalR/SignalR,C#,1308
https://github.com/kripken/emscripten,JavaScript,1565
https://github.com/NancyFx/Nancy,C#,871
https://github.com/thoughtbot/factory_girl,Ruby,2054
https://github.com/desandro/isotope,JavaScript,1657
https://github.com/madrobby/vapor.js,Ruby,549
https://github.com/klazuka/Kal,Objective-C,760
https://github.com/malsup/form,JavaScript,1066
https://github.com/kevinrutherford/reek,Ruby,555
https://github.com/powmedia/backbone-forms,JavaScript,537
https://github.com/Victa/path-menu,,673
https://github.com/stevenbristol/lovd-by-less,Ruby,568
https://github.com/felixge/node-formidable,JavaScript,856
https://github.com/danwrong/restler,JavaScript,543
https://github.com/substack/dnode,JavaScript,966
https://github.com/mislav/git-deploy,Ruby,528
https://github.com/ether/pad,Java,876
https://github.com/zedshaw/mongrel2,C,681
https://github.com/thoughtbot/capybara-webkit,Ruby,824
https://github.com/codahale/metrics,Java,806
https://github.com/mirrors/linux-2.6,C,1892
https://github.com/plamoni/SiriProxy,Ruby,1285
https://github.com/verekia/initializr-template,,545
https://github.com/creationix/haml-js,JavaScript,587
https://github.com/dhh/tolk,Ruby,534
https://github.com/jamesgolick/resource_controller,Ruby,528
https://github.com/progrium/localtunnel,Ruby,957
https://github.com/thoughtbot/laptop,Shell,692
https://github.com/leah/PullToRefresh,Objective-C,1413
https://github.com/jsor/jcarousel,JavaScript,624
https://github.com/YOU-LOST/THE-GAME,,5647
https://github.com/mongodb/mongo-ruby-driver,Ruby,774
https://github.com/ruby/ruby,Ruby,2594
https://github.com/jashkenas/ruby-processing,Ruby,711
https://github.com/substack/node-optimist,JavaScript,525
https://github.com/scottschiller/SoundManager2,JavaScript,688
https://github.com/tmm1/perftools.rb,C,582
https://github.com/kriswallsmith/assetic,PHP,969
https://github.com/ricardochimal/taps,Ruby,633
https://github.com/technoweenie/attachment_fu,Ruby,1069
https://github.com/mxcl/homebrew,Ruby,8450
https://github.com/JuliaLang/julia,Julia,1378
https://github.com/phpbb/phpbb,PHP,538
https://github.com/lifo/cramp,JavaScript,981
https://github.com/ryanb/railscasts,Ruby,603
https://github.com/apneadiving/Google-Maps-for-Rails,Ruby,819
https://github.com/pyrocms/pyrocms,PHP,1018
https://github.com/mapbox/tilemill,JavaScript,806
https://github.com/lsegal/yard,Ruby,540
https://github.com/mbostock/d3,JavaScript,5366
https://github.com/django-debug-toolbar/django-debug-toolbar,Python,1629
https://github.com/NaturalNode/natural,JavaScript,783
https://github.com/joyent/node,JavaScript,14633
https://github.com/facebook/facebook-php-sdk,PHP,712
https://github.com/documentcloud/jammit,Ruby,1042
https://github.com/jquery/jquery-ui,JavaScript,5340
https://github.com/tcurdt/iProxy,C,776
https://github.com/ciaranj/connect-auth,JavaScript,520
https://github.com/mperham/sidekiq,Ruby,665
https://github.com/collectiveidea/awesome_nested_set,Ruby,889
https://github.com/emberjs/ember.js,JavaScript,2759
https://github.com/igrigorik/em-websocket,Ruby,689
https://github.com/mystcolor/JTGestureBasedTableViewDemo,Objective-C,599
https://github.com/fikovnik/ShiftIt,Objective-C,577
https://github.com/mitchellh/vagrant,Ruby,1561
https://github.com/errbit/errbit,Ruby,645
https://github.com/CyanogenMod/android_frameworks_base,Java,610
https://github.com/appcelerator/titanium_mobile,Objective-C,1290
https://github.com/boctor/idev-recipes,Objective-C,1331
https://github.com/peritor/webistrano,Ruby,553
https://github.com/etianen/django-reversion,Python,507
https://github.com/myronmarston/vcr,Ruby,830
https://github.com/defnull/bottle,Python,1103
https://github.com/mattt/TTTAttributedLabel,Objective-C,529
https://github.com/marcelduran/yslow,JavaScript,694
https://github.com/mde/geddy,JavaScript,942
https://github.com/malclocke/fulcrum,JavaScript,703
https://github.com/jedi4ever/veewee,Ruby,786
https://github.com/revans/bash-it,Shell,580
https://github.com/celluloid/celluloid,Ruby,728
https://github.com/altercation/solarized,VimL,2450
https://github.com/mailchimp/Email-Blueprints,,1229
https://github.com/jondot/graphene,CoffeeScript,1062
https://github.com/winton/stasis,Ruby,526
https://github.com/malsup/cycle,JavaScript,735
https://github.com/bitwiseshiftleft/sjcl,JavaScript,534
https://github.com/codebrew/backbone-rails,Ruby,956
https://github.com/octocat/Hello-World,,974
https://github.com/tcorral/Design-Patterns-in-Javascript,JavaScript,568
https://github.com/sciyoshi/pyfacebook,Python,526
https://github.com/ernie/meta_search,Ruby,701
https://github.com/tarcieri/cool.io,Ruby,622
https://github.com/mitsuhiko/jinja2,Python,617
https://github.com/zynga/FontLabel,Objective-C,587
https://github.com/TouchCode/TouchJSON,Objective-C,652
https://github.com/scalatra/scalatra,Scala,819
https://github.com/UnionOfRAD/lithium,PHP,529
https://github.com/weavejester/compojure,Clojure,1106
https://github.com/apenwarr/sshuttle,Python,1584
https://github.com/yui/yuicompressor,Java,551
https://github.com/ericjohnson/canabalt-ios,Objective-C,1049
https://github.com/jamesgolick/rollout,Ruby,553
https://github.com/integrity/integrity,Ruby,511
https://github.com/NarrativeScience/Log.io,JavaScript,572
https://github.com/Treesaver/treesaver,JavaScript,890
https://github.com/aaronchi/jrails,Ruby,835
https://github.com/sproutit/sproutcore,JavaScript,562
https://github.com/paulasmuth/fnordmetric,Ruby,1411
https://github.com/albertz/shairport,C,675
https://github.com/creationix/step,JavaScript,806
https://github.com/DanielWaterworth/Raphters,C,564
https://github.com/scrod/nv,Objective-C,952
https://github.com/twitter/snowflake,Scala,783
https://github.com/scikit-learn/scikit-learn,C,523
https://github.com/twitter/hogan.js,JavaScript,1793
https://github.com/cappuccino/cappuccino,Objective-J,1652
https://github.com/ztellman/aleph,Clojure,539
https://github.com/geekq/workflow,Ruby,506
https://github.com/mojombo/clippy,,653
https://github.com/ajaxorg/ace,JavaScript,2940
https://github.com/tpope/vim-pathogen,VimL,1673
https://github.com/defunkt/jquery-pjax,JavaScript,3902
https://github.com/torvalds/linux,C,4635
https://github.com/cocos2d/cocos2d-iphone,Objective-C,1850
https://github.com/yahoo/mojito,JavaScript,961
https://github.com/archiloque/rest-client,Ruby,943
https://github.com/cucumber/cucumber-rails,Ruby,553
https://github.com/zendframework/zf2,PHP,2504
https://github.com/memcached/memcached,C,1515
https://github.com/activescaffold/active_scaffold,Ruby,769
https://github.com/jnicklas/carrierwave,Ruby,2894
https://github.com/gmarik/vundle,VimL,1151
https://github.com/svenfuchs/rails-i18n,Ruby,1317
https://github.com/pepelsbey/shower,JavaScript,688
https://github.com/mongoid/mongoid,Ruby,2125
https://github.com/kanaka/noVNC,JavaScript,973
https://github.com/bitcoin/bitcoin,C++,1282
https://github.com/IanLunn/Sequence,JavaScript,712
https://github.com/heroku/heroku,Ruby,558
https://github.com/twitter/mysql,C++,894
https://github.com/square/crossfilter,JavaScript,1433
https://github.com/flyerhzm/bullet,Ruby,1118
https://github.com/kennethreitz/envoy,Python,545
https://github.com/twitter/twui,Objective-C,1480
https://github.com/domesticcatsoftware/DCIntrospect,Objective-C,780
https://github.com/Induction/Induction,Objective-C,1329
https://github.com/ubuwaits/beautiful-web-type,Ruby,1143
https://github.com/remy/nodemon,JavaScript,592
https://github.com/jonikorpi/Golden-Grid-System,JavaScript,1024
https://github.com/alexbw/novocaine,Objective-C,575
https://github.com/phonegap/phonegap,JavaScript,1492
https://github.com/verekia/initializr,JavaScript,582
https://github.com/ehynds/jquery-ui-multiselect-widget,JavaScript,503
https://github.com/nodejitsu/node-http-proxy,JavaScript,1073
https://github.com/wycats/moneta,Ruby,534
https://github.com/richhickey/clojure-contrib,Clojure,552
https://github.com/metajack/strophejs,JavaScript,645
https://github.com/liebke/incanter,Clojure,692
https://github.com/kaeppler/droid-fu,Java,675
https://github.com/LearnBoost/socket.io-client,JavaScript,1620
https://github.com/bengottlieb/Twitter-OAuth-iPhone,Objective-C,699
https://github.com/dbloete/ioctocat,Objective-C,941
https://github.com/django-extensions/django-extensions,Python,1078
https://github.com/imajes/geokit-gem,Ruby,838
https://github.com/twitter/gizzard,Scala,1348
https://github.com/freelancing-god/thinking-sphinx,Ruby,1170
https://github.com/ebidel/filer.js,JavaScript,680
https://github.com/jnunemaker/fancy-zoom,JavaScript,522
https://github.com/stevedekorte/io,C,547
https://github.com/be9/acl9,Ruby,623
https://github.com/kanwei/algorithms,Ruby,534
https://github.com/wycats/jquery-offline,JavaScript,788
https://github.com/jamesgolick/friendly,Ruby,530
https://github.com/chrisk/fakeweb,Ruby,589
https://github.com/pauldowman/gitmodel,Ruby,500
https://github.com/bazaarlabs/gitdocs,JavaScript,1053
https://github.com/jruby/jruby,Ruby,927
https://github.com/ideashower/ShareKit,Objective-C,1593
https://github.com/gimenete/iOS-boilerplate,Objective-C,1653
https://github.com/tonytomov/jqGrid,JavaScript,905
https://github.com/htty/htty,Ruby,536
https://github.com/divio/django-cms,Python,1525
https://github.com/technoweenie/restful-authentication,Ruby,1684
https://github.com/gabriel/gh-unit,Objective-C,1071
https://github.com/travis-ci/travis-ci,JavaScript,1357
https://github.com/einars/js-beautify,C,815
https://github.com/capistrano/capistrano,Ruby,2166
https://github.com/substack/node-browserify,JavaScript,806
https://github.com/lifo/docrails,Ruby,720
https://github.com/ldandersen/scifihifi-iphone,Objective-C,787
https://github.com/brianmario/mysql2,Ruby,815
https://github.com/Pylons/pyramid,Python,772
https://github.com/fabric/fabric,Python,1332
https://github.com/cucumber/cucumber,Ruby,3075
https://github.com/thoughtbot/paperclip,Ruby,4153
https://github.com/mono/mono,C#,926
https://github.com/facebook/facebook-ios-sdk,Objective-C,2788
https://github.com/AlanQuatermain/AQGridView,Objective-C,1530
https://github.com/tpope/vim-rails,VimL,1492
https://github.com/ServiceStack/ServiceStack,C#,638
https://github.com/redis/redis-rb,Ruby,1101
https://github.com/rupa/z,Shell,575
https://github.com/adamdbradley/foresight.js,JavaScript,1307
https://github.com/bblimke/webmock,Ruby,657
https://github.com/antirez/lamernews,Ruby,663
https://github.com/geuis/helium-css,JavaScript,530
https://github.com/jaredhanson/passport,JavaScript,501
https://github.com/jackmoore/colorbox,JavaScript,1372
https://github.com/marcuswestin/store.js,JavaScript,919
https://github.com/daneden/animate.css,,2207
https://github.com/srobbin/jquery-backstretch,JavaScript,638
https://github.com/ManuelKiessling/NodeBeginnerBook,JavaScript,637
https://github.com/schacon/git-scribe,Ruby,698
https://github.com/airblade/paper_trail,Ruby,1224
https://github.com/enormego/cocoa-helpers,Objective-C,599
https://github.com/kriskowal/es5-shim,JavaScript,658
https://github.com/akzhan/jwysiwyg,JavaScript,927
https://github.com/brynary/webrat,Ruby,1521
https://github.com/brianleroux/lawnchair,JavaScript,993
https://github.com/paulirish/infinite-scroll,JavaScript,869
https://github.com/jeresig/processing-js,Java,1267
https://github.com/petdance/ack,Perl,674
https://github.com/kemayo/sublime-text-2-git,Python,541
https://github.com/daleharvey/pouchdb,JavaScript,685
https://github.com/danlucraft/redcar,Ruby,629
https://github.com/CyanogenMod/android_vendor_cyanogen,Shell,694
https://github.com/wincent/Command-T,Ruby,577
https://github.com/jquery/globalize,JavaScript,562
https://github.com/adamzap/landslide,Python,545
https://github.com/scrooloose/nerdcommenter,VimL,506
https://github.com/simplegeo/python-oauth2,Python,1095
https://github.com/tuupola/jquery_lazyload,JavaScript,563
https://github.com/ipython/ipython,Python,730
https://github.com/FortAwesome/Font-Awesome,JavaScript,3339
https://github.com/simplebits/Pears,PHP,916
https://github.com/sergeche/zen-coding,JavaScript,633
https://github.com/kien/ctrlp.vim,VimL,839
https://github.com/addyosmani/backbone-fundamentals,JavaScript,3560
https://github.com/jairajs89/Touchy.js,JavaScript,924
https://github.com/mockko/livereload,JavaScript,1043
https://github.com/RestKit/RestKit,Objective-C,2314
https://github.com/cloudhead/vows,JavaScript,919
https://github.com/TrinityCore/TrinityCore,C++,1438
https://github.com/jhollingworth/bootstrap-wysihtml5,JavaScript,1043
https://github.com/jnunemaker/twitter,Ruby,1668
https://github.com/viatropos/tower,JavaScript,800
https://github.com/webpy/webpy,Python,1553
https://github.com/maccman/spine,CoffeeScript,1745
https://github.com/mleibman/SlickGrid,JavaScript,1784
https://github.com/oesmith/morris.js,CoffeeScript,1283
https://github.com/ajaxorg/cloud9,JavaScript,2882
https://github.com/mperham/dalli,Ruby,963
https://github.com/jgm/pandoc,Haskell,529
https://github.com/nicolasff/phpredis,C,513
https://github.com/sitaramc/gitolite,Perl,2727
https://github.com/basho/rebar,Erlang,587
https://github.com/imulus/retinajs,CoffeeScript,563
https://github.com/niklasvh/html2canvas,JavaScript,1162
https://github.com/xdissent/ievms,Shell,2669
https://github.com/drupal/drupal,PHP,818
https://github.com/crafterm/sprinkle,Ruby,885
https://github.com/37signals/pow,CoffeeScript,1633
https://github.com/ninject/ninject,C#,587
https://github.com/zefhemel/persistencejs,JavaScript,624
https://github.com/mongodb/mongo-java-driver,Java,546
https://github.com/twitter/innovators-patent-agreement,,519
https://github.com/jrburke/requirejs,JavaScript,1588
https://github.com/headjs/headjs,JavaScript,2193
https://github.com/insoshi/insoshi,Ruby,1433
https://github.com/NYTimes/ice,JavaScript,581
https://github.com/apotonick/cells,Ruby,1072
https://github.com/rmurphey/jqfundamentals,JavaScript,1088
https://github.com/fesplugas/typus,Ruby,884
https://github.com/kangax/fabric.js,JavaScript,968
https://github.com/tinkerpop/gremlin,Java,600
https://github.com/isaacs/npm,JavaScript,2658
https://github.com/padolsey/jQuery-Lint,JavaScript,561
https://github.com/jejacks0n/mercury,JavaScript,919
https://github.com/imathis/fancy-buttons,Ruby,821
https://github.com/bobthecow/mustache.php,PHP,663
https://github.com/intridea/tweetstream,Ruby,537
https://github.com/akdubya/dustjs,JavaScript,609
https://github.com/redcar/redcar,Ruby,854
https://github.com/mochi/mochiweb,Erlang,631
https://github.com/twitter/cassandra,Ruby,524
https://github.com/nitrogen/nitrogen,Erlang,575
https://github.com/thatcoolguy/gridless-boilerplate,JavaScript,772
https://github.com/chrismiles/CMPopTipView,Objective-C,706
https://github.com/nzakas/computer-science-in-javascript,JavaScript,1128
https://github.com/notahat/machinist,Ruby,1024
https://github.com/ezmobius/nanite,Ruby,780
https://github.com/meltingice/CoffeeDrop,CoffeeScript,593
https://github.com/LeaVerou/CSSS,JavaScript,531
https://github.com/vitch/jScrollPane,JavaScript,695
https://github.com/velesin/jasmine-jquery,JavaScript,540
https://github.com/hakimel/reveal.js,JavaScript,1277
https://github.com/wycats/handlebars.js,JavaScript,2213
https://github.com/quicksilver/Quicksilver,Objective-C,1119
https://github.com/thoughtbot/shoulda,Ruby,1241
https://github.com/mattgemmell/MGTwitterEngine,Objective-C,1140
https://github.com/boto/boto,Python,1429
https://github.com/batiste/sprite.js,JavaScript,582
https://github.com/btakita/rr,Ruby,505
https://github.com/petewarden/iPhoneTracker,Objective-C,896
https://github.com/ha/doozerd,Go,606
https://github.com/digitalfruit/limejs,JavaScript,658
https://github.com/pelle/oauth-plugin,Ruby,629
https://github.com/hector-client/hector,Java,510
https://github.com/bnoguchi/everyauth,JavaScript,1231
https://github.com/Shopify/batman,CoffeeScript,853
https://github.com/sintaxi/phonegap,JavaScript,1599
https://github.com/jeff-optimizely/Guiders-JS,JavaScript,1068
https://github.com/tomaz/appledoc,Objective-C,827
https://github.com/jmechner/Prince-of-Persia-Apple-II,Assembly,2750
https://github.com/akka/akka,Scala,1100
https://github.com/square/cubism,JavaScript,813
https://github.com/bcardarella/client_side_validations,Ruby,1070
https://github.com/Cocoanetics/DTCoreText,Objective-C,1059
https://github.com/senchalabs/connect,JavaScript,2286
https://github.com/keithw/mosh,C++,1022
https://github.com/atebits/SimFinger,Objective-C,915
https://github.com/jquery/qunit,JavaScript,1763
https://github.com/alexgorbatchev/jquery-textext,JavaScript,518
https://github.com/davatron5000/Lettering.js,JavaScript,1714
https://github.com/logstash/logstash,Ruby,583
https://github.com/fuel/core,PHP,600
https://github.com/NoamB/sorcery,Ruby,1038
https://github.com/brow/leaves,Objective-C,1073
https://github.com/rgrove/sanitize,Ruby,722
https://github.com/cliftonc/calipso,JavaScript,806
https://github.com/BradLarson/GPUImage,Objective-C,654
https://github.com/FooBarWidget/passenger,Ruby,1279
https://github.com/Inferis/ViewDeck,Objective-C,782
https://github.com/rack/rack,Ruby,1090
https://github.com/openphoto/frontend,PHP,693
https://github.com/stephenmcd/mezzanine,Python,510
https://github.com/thoughtbot/clearance,Ruby,1090
https://github.com/MacRuby/MacRuby,Ruby,1016
https://github.com/h5bp/mobile-boilerplate,JavaScript,1597
https://github.com/alexgorbatchev/SyntaxHighlighter,JavaScript,945
https://github.com/ryanb/dotfiles,VimL,1237
https://github.com/zencoder/video-js,JavaScript,1311
https://github.com/mwaterfall/MWFeedParser,Objective-C,783
https://github.com/spf13/spf13-vim,VimL,700
https://github.com/zenorocha/jquery-boilerplate,JavaScript,611
https://github.com/christianv/jquery-lifestream,JavaScript,504
https://github.com/documentcloud/visualsearch,JavaScript,749
https://github.com/lloyd/JSONSelect,JavaScript,735
https://github.com/rails/arel,Ruby,641
https://github.com/eventmachine/eventmachine,Ruby,1632
https://github.com/thoughtworks/cruisecontrol.rb,Ruby,510
https://github.com/fdv/typo,Ruby,715
https://github.com/engineyard/ey-cloud-recipes,Ruby,1110
https://github.com/rickharrison/validate.js,JavaScript,592
https://github.com/stefankroes/ancestry,Ruby,942
https://github.com/levey/AwesomeMenu,Objective-C,1827
https://github.com/michenriksen/css3buttons,,668
https://github.com/GenTiradentes/tinyvm,C,633
https://github.com/tchandy/octopus,Ruby,504
https://github.com/gma/nesta,Ruby,678
https://github.com/DeNADev/HandlerSocket-Plugin-for-MySQL,C++,660
https://github.com/callback/phonegap,JavaScript,558
https://github.com/relevance/blue-ridge,JavaScript,547
https://github.com/shutterstock/rickshaw,JavaScript,1467
https://github.com/andymatuschak/Sparkle,Objective-C,792
https://github.com/mmcgrana/ring,Clojure,798
https://github.com/mauricemach/zappa,CoffeeScript,870
https://github.com/facebook/facebook-android-sdk,Java,1594
https://github.com/chriskite/anemone,Ruby,606
https://github.com/cloudhead/toto,Ruby,1122
https://github.com/github/hubot,CoffeeScript,2275
https://github.com/ptwobrussell/Mining-the-Social-Web,JavaScript,547
https://github.com/addyosmani/todomvc,JavaScript,2299
https://github.com/playframework/Play20,Scala,1656
https://github.com/joyent/libuv,C,638
https://github.com/wakaleo/game-of-life,Java,921
https://github.com/liuliu/ccv,C,789
https://github.com/mbleigh/subdomain-fu,Ruby,569
https://github.com/sinatra/sinatra,Ruby,3520
https://github.com/jenkinsci/jenkins,Java,1265
https://github.com/jbossas/jboss-as,Java,577
https://github.com/derickbailey/backbone.modelbinding,JavaScript,665
https://github.com/mootools/mootools-more,JavaScript,652
https://github.com/rubinius/rubinius,Ruby,1432
https://github.com/altercation/vim-colors-solarized,VimL,856
https://github.com/oyvindkinsey/easyXDM,JavaScript,757
https://github.com/mozilla/browserid,JavaScript,979
https://github.com/alohaeditor/Aloha-Editor,JavaScript,864
https://github.com/igrigorik/em-http-request,Ruby,631
https://github.com/needim/noty,JavaScript,1097
https://github.com/IronLanguages/main,Python,589
https://github.com/fabpot/Twig,PHP,1110
https://github.com/raspberrypi/linux,C,630
https://github.com/marijnh/CodeMirror2,JavaScript,1000
https://github.com/jordansissel/fpm,Ruby,819
https://github.com/mauricemach/coffeekup,CoffeeScript,814
https://github.com/facebook/scribe,C++,1464
https://github.com/intridea/omniauth,Ruby,3041
https://github.com/twigkit/semantic.gs,JavaScript,665
https://github.com/janl/mustache.js,JavaScript,3160
https://github.com/nathansmith/adapt,JavaScript,572
https://github.com/seaofclouds/tweet,JavaScript,586
https://github.com/CreateJS/EaselJS,JavaScript,1279
https://github.com/jonikorpi/Frameless,JavaScript,504
https://github.com/overtone/overtone,Clojure,540
https://github.com/devongovett/pdfkit,CoffeeScript,546
https://github.com/d5/node.native,C++,650
https://github.com/rackerhacker/MySQLTuner-perl,Perl,576
https://github.com/AdamAtomic/flixel,ActionScript,840
https://github.com/nathansmith/960-Grid-System,,1914
https://github.com/stubbornella/csslint,JavaScript,939
https://github.com/quartzjer/TeleHash,Java,508
https://github.com/rack/rack-contrib,Ruby,707
https://github.com/endtwist/kerning.js,JavaScript,566
https://github.com/ded/qwery,JavaScript,508
https://github.com/rtomayko/tilt,Ruby,813
https://github.com/jsullivan/CSS3-Progress-bars,,515
https://github.com/collectiveidea/audited,Ruby,600
https://github.com/cavalle/steak,Ruby,741
https://github.com/brendanlim/mobile-fu,Ruby,594
https://github.com/webmademovies/popcorn-js,JavaScript,737
https://github.com/josevalim/inherited_resources,Ruby,1649
https://github.com/mruby/mruby,C,1105
https://github.com/chriskempson/Tomorrow-Theme,JavaScript,1167
https://github.com/cjohansen/juicer,Ruby,535
https://github.com/github/linguist,JavaScript,673
https://github.com/cubiq/iscroll,JavaScript,1176
https://github.com/facebook/hiphop-php,C++,3595
https://github.com/mathiasbynens/dotfiles,VimL,2717
https://github.com/radar/forem,Ruby,616
https://github.com/tuupola/jquery_jeditable,JavaScript,857
https://github.com/somerandomdude/Iconic,JavaScript,563
https://github.com/HumbleSoftware/envisionjs,JavaScript,538
https://github.com/tpope/vim-surround,VimL,692
https://github.com/middleman/middleman,Ruby,725
https://github.com/ginatrapani/ThinkUp,PHP,1949
https://github.com/bradbirdsall/Swipe,JavaScript,751
https://github.com/ryanb/ruby-warrior,Ruby,935
https://github.com/Pita/etherpad-lite,JavaScript,1381
https://github.com/mitsuhiko/werkzeug,Python,578
https://github.com/xbmc/xbmc,C,1256
https://github.com/ry/node_chat,JavaScript,1061
https://github.com/valums/file-uploader,JavaScript,1917
https://github.com/libgit2/libgit2,C,781
https://github.com/symfony/symfony-docs,,714
https://github.com/zeromq/libzmq,C++,649
https://github.com/kr/beanstalkd,C,849
https://github.com/sferik/t,Ruby,532
https://github.com/toastdriven/django-haystack,Python,898
https://github.com/rails/jbuilder,Ruby,638
https://github.com/livid/v2ex,Python,600
https://github.com/joyent/http-parser,C,747
https://github.com/creationix/nvm,Shell,721
https://github.com/sstephenson/prototype,JavaScript,2072
https://github.com/arshaw/fullcalendar,JavaScript,1076
https://github.com/caolan/async,JavaScript,2200
https://github.com/newsyc/newsyc,Objective-C,524
https://github.com/padrino/padrino-framework,Ruby,1241
https://github.com/lokesh/color-thief,JavaScript,779
https://github.com/rspec/rspec-rails,Ruby,962
https://github.com/zaach/jison,JavaScript,550
https://github.com/amoffat/pbs,Python,792
https://github.com/matthuhiggins/foreigner,Ruby,509
https://github.com/haml/haml,Ruby,1768
https://github.com/jaysalvat/jquery.facedetection,JavaScript,700
https://github.com/philogb/jit,JavaScript,596
https://github.com/akosma/nib2objc,Objective-C,593
https://github.com/indirect/jquery-rails,Ruby,506
https://github.com/RISCfuture/dropbox,Ruby,509
https://github.com/tukz/Tukui,Lua,521
https://github.com/applidium/Cracking-Siri,Ruby,527
https://github.com/courtenay/altered_beast,Ruby,563
https://github.com/joelthelion/autojump,Python,869
https://github.com/nathanmarz/storm,Java,3062
https://github.com/moodle/moodle,PHP,526
https://github.com/sj26/mailcatcher,Ruby,577
https://github.com/shichuan/javascript-patterns,JavaScript,2101
https://github.com/bvandenbos/resque-scheduler,Ruby,699
https://github.com/zk00006/OpenTLD,Objective-C,964
https://github.com/ccgus/fmdb,Objective-C,1372
https://github.com/visionmedia/uikit,JavaScript,894
https://github.com/levey/QuadCurveMenu,Objective-C,1787
https://github.com/getify/LABjs,JavaScript,728
https://github.com/mranney/node_redis,JavaScript,1283
https://github.com/thomas-mcdonald/bootstrap-sass,Ruby,904
https://github.com/imathis/octopress,Ruby,3038
https://github.com/macournoyer/thin,Ruby,752
https://github.com/addyosmani/jquery-ui-bootstrap,JavaScript,2451
https://github.com/bbatsov/rails-style-guide,,1096
https://github.com/bartaz/impress.js,JavaScript,8457
https://github.com/mooege/mooege,C#,699
https://github.com/davatron5000/FitText.js,JavaScript,1410
https://github.com/tbranyen/backbone-boilerplate,JavaScript,2142
https://github.com/plusjade/jekyll-bootstrap,Ruby,681
https://github.com/nex3/haml,Ruby,1762
https://github.com/sonata-project/SonataAdminBundle,PHP,593
https://github.com/fpillet/NSLogger,Objective-C,768
https://github.com/DmitryBaranovskiy/raphael,JavaScript,3590
https://github.com/TTimo/doom3.gpl,C++,2554
https://github.com/mwaylabs/The-M-Project,JavaScript,536
https://github.com/norman/friendly_id,Ruby,1606
https://github.com/intridea/authbuttons,,523
https://github.com/joewalnes/smoothie,JavaScript,632
https://github.com/SlexAxton/yepnope.js,JavaScript,1208
https://github.com/ubuwaits/css3-buttons,Ruby,1069
https://github.com/madrobby/keymaster,JavaScript,2653
https://github.com/jverkoey/nimbus,Objective-C,1413
https://github.com/mikechambers/as3corelib,ActionScript,1063
https://github.com/holman/spark,Shell,1453
https://github.com/toastdriven/django-tastypie,Python,1204
https://github.com/adamv/homebrew-alt,Ruby,549
https://github.com/joelambert/Flux-Slider,JavaScript,540
https://github.com/sstephenson/rbenv,Shell,1919
https://github.com/cowboyd/therubyracer,Ruby,734
https://github.com/jlong/serve,Ruby,570
https://github.com/documentcloud/cloud-crowd,Ruby,778
https://github.com/Lokaltog/vim-powerline,VimL,1037
https://github.com/mikeal/request,JavaScript,1078
https://github.com/robotlegs/robotlegs-framework,ActionScript,629
https://github.com/pieter/gitx,Objective-C,1636
https://github.com/schacon/showoff,JavaScript,2005
https://github.com/JamieLottering/DropKick,JavaScript,849
https://github.com/robconery/massive,C#,771
https://github.com/adzap/validates_timeliness,Ruby,565
https://github.com/mozilla/chromeless,JavaScript,688
https://github.com/100grams/HGPageScrollView,Objective-C,507
https://github.com/maccman/saasy,Ruby,514
https://github.com/imajes/geokit-rails,Ruby,570
https://github.com/dchelimsky/rspec-rails,Ruby,857
https://github.com/motemen/git-vim,VimL,513
https://github.com/TheRealKerni/HockeyKit,Objective-C,931
https://github.com/ametaireau/pelican,Python,586
https://github.com/shama/jmpress.js,JavaScript,750
https://github.com/amazonwebservices/aws-sdk-for-ruby,Ruby,541
https://github.com/Shougo/neocomplcache,VimL,566
https://github.com/PromyLOPh/pianobar,C,570
https://github.com/Kronuz/SublimeCodeIntel,Python,787
https://github.com/Fingertips/passengerpane,Ruby,669
https://github.com/srobbin/jquery-pageslide,JavaScript,663
https://github.com/utahta/pythonbrew,Python,643
https://github.com/philsturgeon/codeigniter-restserver,PHP,712
https://github.com/nathansmith/formalize,JavaScript,1038
https://github.com/stig/json-framework,Objective-C,2345
https://github.com/tmpvar/jsdom,JavaScript,1404
https://github.com/ProLoser/AnythingSlider,JavaScript,556
https://github.com/pauldix/feedzirra,Ruby,947
https://github.com/cakephp/cakephp,PHP,2708
https://github.com/filamentgroup/Responsive-Images,JavaScript,990
https://github.com/reddit/reddit,Python,2117
https://github.com/seyhunak/twitter-bootstrap-rails,Ruby,1530
https://github.com/kohana/kohana,PHP,1043
https://github.com/gitlabhq/gitlabhq,Ruby,2707
https://github.com/dhgamache/Skeleton,JavaScript,2427
https://github.com/imakewebthings/deck.js,JavaScript,2499
https://github.com/collectiveidea/delayed_job,Ruby,1977
https://github.com/antirez/redis,C,4241
https://github.com/Khan/khan-exercises,JavaScript,848
https://github.com/facebook/php-sdk,PHP,4074
https://github.com/xing/wysihtml5,JavaScript,597
https://github.com/moviepilot/chaplin,JavaScript,748
https://github.com/lojjic/PIE,JavaScript,1732
https://github.com/plataformatec/simple_form,Ruby,2150
https://github.com/samuelclay/NewsBlur,JavaScript,593
https://github.com/plataformatec/devise,Ruby,6215
https://github.com/alexreisner/geocoder,Ruby,1078
https://github.com/stubbornella/oocss,,2587
https://github.com/nvie/gitflow,Shell,3840
https://github.com/jkbr/httpie,Python,924
https://github.com/caolan/nodeunit,JavaScript,520
https://github.com/Shopify/liquid,Ruby,992
https://github.com/csswizardry/CSS-Guidelines,,700
https://github.com/technoweenie/faraday,Ruby,727
https://github.com/keithclark/selectivizr,JavaScript,542
https://github.com/fernandezpablo85/scribe-java,Java,737
https://github.com/defunkt/mustache,Ruby,1302
https://github.com/JakeWharton/ActionBarSherlock,Java,1024
https://github.com/rails/jquery-ujs,JavaScript,1629
https://github.com/jubos/fake-s3,Ruby,701
https://github.com/kennethreitz/osx-gcc-installer,,1796
https://github.com/ianwhite/pickle,Ruby,512
https://github.com/gimite/web-socket-js,ActionScript,1295
https://github.com/thoughtbot/factory_girl_rails,Ruby,544
https://github.com/bauhouse/fluid960gs,JavaScript,841
https://github.com/voxdolo/decent_exposure,Ruby,569
https://github.com/flashingpumpkin/django-socialregistration,Python,526
https://github.com/overviewer/Minecraft-Overviewer,Python,570
https://github.com/laullon/gitx,Objective-C,798
https://github.com/prey/prey-bash-client,Shell,749
https://github.com/tweepy/tweepy,Python,1107
https://github.com/eriwen/javascript-stacktrace,JavaScript,505
https://github.com/gnachman/iTerm2,Objective-C,646
https://github.com/rubyist/aasm,Ruby,1080
https://github.com/Seldaek/slippy,JavaScript,503
https://github.com/laserlemon/vestal_versions,Ruby,720
https://github.com/tobeytailor/gordon,JavaScript,1688
https://github.com/mrdoob/three.js,JavaScript,6309
https://github.com/pry/pry,Ruby,1071
https://github.com/OpenKinect/libfreenect,C,1328
https://github.com/flatiron/flatiron,JavaScript,514
https://github.com/bborn/communityengine,Ruby,897
https://github.com/guard/guard,Ruby,1407
https://github.com/xui/xui,JavaScript,531
https://github.com/jquery/sizzle,JavaScript,1719
https://github.com/rails/rails,Ruby,13991
https://github.com/documentcloud/underscore,JavaScript,4899
https://github.com/bkeepers/gaskit,JavaScript,512
https://github.com/douglascrockford/JSON-js,JavaScript,1779
https://github.com/nesquena/rabl,Ruby,1249
https://github.com/Modernizr/Modernizr,JavaScript,5549
https://github.com/cloudhead/less.js,JavaScript,5306
https://github.com/thomaspark/bootswatch,,757
https://github.com/mcavage/node-restify,JavaScript,504
https://github.com/elasticsearch/elasticsearch,Java,2142
https://github.com/browsermedia/browsercms,Ruby,1186
https://github.com/wayneeseguin/rvm,Shell,1839
https://github.com/CyanogenMod/android,Python,624
https://github.com/playframework/play,Python,1252
https://github.com/mozilla/rust,Rust,1023
https://github.com/joho/7XX-rfc,,656
https://github.com/facebook/phabricator,PHP,564
https://github.com/37signals/mail_view,Ruby,655
https://github.com/binarylogic/authlogic,Ruby,3407
https://github.com/aFarkas/html5shiv,JavaScript,665
https://github.com/felixge/node-mysql,JavaScript,966
https://github.com/LearnBoost/stylus,JavaScript,1671
https://github.com/FriendsOfSymfony/FOSUserBundle,PHP,765
https://github.com/sebastianbergmann/phpunit,PHP,1672
https://github.com/marstall/shim,JavaScript,627
https://github.com/antialize/wkhtmltopdf,C++,707
https://github.com/thefaj/OpenFlow,Objective-C,749
https://github.com/jquerytools/jquerytools,JavaScript,1453
https://github.com/pluginaweek/state_machine,Ruby,1608
https://github.com/faye/faye,JavaScript,1294
https://github.com/kolinkrewinkel/KKGridView,Objective-C,578
https://github.com/TapQuo/Lungo.js,JavaScript,606
https://github.com/johndyer/mediaelement,JavaScript,866
https://github.com/0xced/UIKit-Artwork-Extractor,Objective-C,975
https://github.com/ryanb/railscasts-episodes,Ruby,688
https://github.com/jashkenas/docco,CoffeeScript,1012
https://github.com/matej/MBProgressHUD,Objective-C,786
https://github.com/OpenNI/OpenNI,C,536
https://github.com/jiminoc/goose,Scala,688
https://github.com/pydanny/django-uni-form,Python,556
https://github.com/kswedberg/jquery-tmbundle,Ruby,644
https://github.com/tarcieri/reia,Erlang,616
https://github.com/ernie/meta_where,Ruby,588
https://github.com/subtleGradient/Appify-UI,Shell,567
https://github.com/rentzsch/clicktoflash,Objective-C,783
https://github.com/fudgestudios/bort,Ruby,916
https://github.com/aino/galleria,JavaScript,953
https://github.com/kstenerud/iOS-Universal-Framework,Shell,814
https://github.com/pinax/pinax,Python,1684
https://github.com/mongodb/node-mongodb-native,JavaScript,1481
https://github.com/nov/fb_graph,Ruby,616
https://github.com/tjake/Solandra,Java,656
https://github.com/ginatrapani/todo.txt-cli,Shell,817
https://github.com/composer/composer,PHP,673
https://github.com/benoitc/gunicorn,Python,782
https://github.com/rstacruz/js2coffee,JavaScript,754
https://github.com/HenrikJoreteg/ICanHaz.js,JavaScript,631
https://github.com/nkallen/cache-money,Ruby,976
https://github.com/cyrilmottier/GreenDroid,Java,1081
https://github.com/phonegap/phonegap-start,JavaScript,1365
https://github.com/jnicklas/capybara,Ruby,2486
https://github.com/gregbell/active_admin,Ruby,2807
https://github.com/ajkochanowicz/Kickstrap,JavaScript,637
https://github.com/laravel/laravel,PHP,639
https://github.com/andymccurdy/redis-py,Python,1135
https://github.com/mangos/mangos,C++,1694
https://github.com/skwp/dotfiles,Ruby,631
https://github.com/Shopify/active_merchant,Ruby,2042
https://github.com/Simbul/baker,Objective-C,917
https://github.com/jupiterjs/steal,JavaScript,585
https://github.com/quirkey/sammy,JavaScript,1851
https://github.com/devinross/tapkulibrary,Objective-C,2490
https://github.com/jshint/jshint,JavaScript,1117
https://github.com/mozilla/pdf.js,JavaScript,3071
https://github.com/jupiterjs/jquerymx,JavaScript,582
https://github.com/chriseppstein/compass,Ruby,3428
https://github.com/Bukkit/Bukkit,Java,1083
https://github.com/mongodb/mongo,C++,2875
https://github.com/meltingice/psd.js,CoffeeScript,584
https://github.com/edavis10/redmine,Ruby,2048
https://github.com/technomancy/emacs-starter-kit,Emacs Lisp,1941
https://github.com/spdr870/gitextensions,C#,581
https://github.com/luvit/luvit,C,533
https://github.com/37signals/37s_cookbooks,Ruby,870
https://github.com/brianmario/yajl-ruby,C,782
https://github.com/davebalmer/jo,JavaScript,895
https://github.com/datamapper/dm-core,Ruby,546
https://github.com/dannycoates/node-inspector,JavaScript,1395
https://github.com/jquery/plugins.jquery.com,JavaScript,690
https://github.com/harthur/brain,JavaScript,523
https://github.com/omz/AppSales-Mobile,Objective-C,1258
https://github.com/MattWilcox/Adaptive-Images,PHP,652
https://github.com/JakeWharton/Android-ViewPagerIndicator,Java,521
https://github.com/fuel/fuel,PHP,1066
https://github.com/LearnBoost/cluster,JavaScript,1084
https://github.com/mynyml/watchr,Ruby,957
https://github.com/mootools/mootools-core,JavaScript,1630
https://github.com/erlang/otp,Erlang,1408
https://github.com/jed/fab,JavaScript,701
https://github.com/greasemonkey/greasemonkey,JavaScript,621
https://github.com/csswizardry/inuit.css,,540
https://github.com/apenwarr/bup,Python,1381
https://github.com/square/KIF,Objective-C,961
https://github.com/simplegeo/polymaps,JavaScript,795
https://github.com/ambethia/recaptcha,Ruby,629
https://github.com/nicolasff/webdis,C,553
https://github.com/dchelimsky/rspec,Ruby,1731
https://github.com/nddrylliog/jsmad,JavaScript,779
https://github.com/toolmantim/bananajour,Ruby,544
https://github.com/codecomputerlove/PhotoSwipe,JavaScript,733
https://github.com/github/gitignore,,5057
https://github.com/sstephenson/ruby-build,Shell,674
https://github.com/apenwarr/git-subtree,Shell,598
https://github.com/jscruggs/metric_fu,Ruby,586
https://github.com/alipay/Alice,JavaScript,538
https://github.com/simsalabim/sisyphus,JavaScript,768
https://github.com/fgnass/spin.js,JavaScript,2739
https://github.com/josscrowcroft/accounting.js,JavaScript,574
https://github.com/necolas/normalize.css,,4250
https://github.com/clojure/clojure,Java,1432
https://github.com/LockerProject/Locker,JavaScript,1025
https://github.com/michaeldv/awesome_print,Ruby,1094
https://github.com/mozilla/BrowserQuest,JavaScript,2405
https://github.com/werner77/WEPopover,Objective-C,550
https://github.com/agiliq/Django-Socialauth,Python,542
https://github.com/octocat/Spoon-Knife,,8835
https://github.com/carlhuda/bundler,Ruby,1564
https://github.com/retlehs/roots,PHP,1669
https://github.com/spree/spree,Ruby,2910
https://github.com/jquery/jquery,JavaScript,13719
https://github.com/puppetlabs/puppet,Ruby,757
https://github.com/django/django,Python,1501
https://github.com/tinymce/tinymce,JavaScript,1154
https://github.com/enormego/EGOTableViewPullRefresh,Objective-C,1541
https://github.com/saasbook/hw4_rottenpotatoes,Ruby,1884
https://github.com/rwldrn/idiomatic.js,JavaScript,1397
https://github.com/jnunemaker/httparty,Ruby,1437
https://github.com/ask/celery,Python,1053
https://github.com/pokeb/asi-http-request,Objective-C,3665
https://github.com/nex3/sass,Ruby,986
https://github.com/posabsolute/jQuery-Validation-Engine,JavaScript,740
https://github.com/timburks/nu,Objective-C,1125
https://github.com/progit/progit,JavaScript,2325
https://github.com/hbons/SparkleShare,C#,1515
https://github.com/d0ugal/locache,JavaScript,726
https://github.com/PrimaryFeather/Starling-Framework,ActionScript,580
https://github.com/jquery/testswarm,PHP,623
https://github.com/defunkt/github-gem,Ruby,876
https://github.com/ender-js/Ender,JavaScript,1113
https://github.com/hookio/hook.io,JavaScript,1165
https://github.com/mikeal/pouchdb,JavaScript,684
https://github.com/zynga/scroller,JavaScript,796
https://github.com/kneath/kss,Ruby,1192
https://github.com/LeaVerou/prefixfree,JavaScript,885
https://github.com/mattn/zencoding-vim,VimL,613
https://github.com/blasten/turn.js,JavaScript,1297
https://github.com/medialize/URI.js,JavaScript,1032
https://github.com/joshuaclayton/blueprint-css,Ruby,4970
https://github.com/mmangino/facebooker,Ruby,1077
https://github.com/kla/php-activerecord,PHP,517
https://github.com/jeresig/jquery.hotkeys,JavaScript,848
https://github.com/rg3/youtube-dl,Python,680
https://github.com/josevalim/rails-footnotes,Ruby,909
https://github.com/Craga89/qTip2,JavaScript,589
https://github.com/tenderlove/mechanize,Ruby,1044
https://github.com/stffn/declarative_authorization,Ruby,1053
https://github.com/opscode/chef-repo,Ruby,713
https://github.com/magit/magit,Emacs Lisp,516
https://github.com/mattetti/googlecharts,Ruby,541
https://github.com/scottjehl/Respond,JavaScript,2278
https://github.com/sorccu/cufon,JavaScript,1841
https://github.com/maxtaco/tamejs,JavaScript,599
https://github.com/rstacruz/sparkup,Python,751
https://github.com/yfactorial/objectiveresource,Objective-C,620
https://github.com/philcryer/lipsync,Shell,737
https://github.com/murtaugh/HTML5-Reset,JavaScript,773
https://github.com/facebook/python-sdk,Python,674
https://github.com/aanand/deadweight,Ruby,549
https://github.com/chriskempson/tomorrow-theme,VimL,1480
https://github.com/rentzsch/mogenerator,Objective-C,781
https://github.com/technicalpickles/jeweler,Ruby,1057
https://github.com/rs/SDWebImage,Objective-C,1161
https://github.com/jagregory/fluent-nhibernate,C#,781
https://github.com/carhartl/jquery-cookie,JavaScript,1375
https://github.com/appcelerator/KitchenSink,JavaScript,1426
https://github.com/seatgeek/soulmate,Ruby,524
https://github.com/tanoku/redcarpet,Ruby,814
https://github.com/defunkt/gist,Ruby,637
https://github.com/vim-ruby/vim-ruby,VimL,551
https://github.com/h5bp/lazyweb-requests,JavaScript,546
https://github.com/jashkenas/coffee-script,CoffeeScript,5081
https://github.com/tommoor/tinycon,JavaScript,2104
https://github.com/JoelBesada/scrollpath,JavaScript,1023
https://github.com/timrwood/moment,JavaScript,1831
https://github.com/omz/DocSets-for-iOS,C,552
https://github.com/nathansearles/Slides,JavaScript,823
https://github.com/jzaefferer/jquery-validation,JavaScript,1248
https://github.com/SteveSanderson/knockout,JavaScript,1846
https://github.com/intridea/grape,Ruby,1363
https://github.com/angular/angular.js,JavaScript,848
https://github.com/bebraw/jswiki,JavaScript,1214
https://github.com/fabpot/Silex,PHP,930
https://github.com/LearnBoost/mongoose,JavaScript,1928
https://github.com/liftoff/GateOne,Python,1315
https://github.com/OscarGodson/EpicEditor,JavaScript,643
https://github.com/ccampbell/rainbow,JavaScript,992
https://github.com/jezdez/django_compressor,Python,550
https://github.com/assaf/vanity,Ruby,820
https://github.com/socketstream/socketstream,JavaScript,1835
https://github.com/crowdint/rails3-jquery-autocomplete,Ruby,698
https://github.com/thoughtbot/bourbon,Ruby,1083
https://github.com/radiant/radiant,Ruby,1355
https://github.com/MugunthKumar/MKStoreKit,Objective-C,502
https://github.com/rodreegez/powder,Ruby,566
https://github.com/mattt/FormatterKit,Objective-C,530
https://github.com/maccman/holla,JavaScript,688
https://github.com/ckrack/fbootstrapp,JavaScript,1150
https://github.com/lakshmivyas/hyde,Python,645
https://github.com/typekit/webfontloader,JavaScript,509
https://github.com/zac/iphonearkit,Objective-C,622
https://github.com/Coreh/nide,JavaScript,523
https://github.com/voldemort/voldemort,Java,825
https://github.com/basho/riak,Shell,767
https://github.com/jtrupiano/timecop,Ruby,591
https://github.com/linkedin/indextank-engine,Java,701
https://github.com/edgecase/ruby_koans,Ruby,1455
https://github.com/binarylogic/settingslogic,Ruby,562
https://github.com/gmate/gmate,Python,843
https://github.com/23/resumable.js,JavaScript,745
https://github.com/danlucraft/git.js,JavaScript,990
https://github.com/sickill/git-dude,Shell,646
https://github.com/devstructure/blueprint,Python,1223
https://github.com/joehewitt/scrollability,JavaScript,1482
https://github.com/BonsaiDen/JavaScript-Garden,JavaScript,646
https://github.com/phusion/juvia,Ruby,515
https://github.com/richhickey/clojure,Java,989
https://github.com/binarylogic/searchlogic,Ruby,1341
https://github.com/tmm1/amqp,Ruby,509
https://github.com/samuraisam/pyapns,Python,578
https://github.com/DmitryBaranovskiy/g.raphael,JavaScript,971
https://github.com/steipete/PSStackedView,Objective-C,850
https://github.com/buymeasoda/soda-theme,,929
https://github.com/karmi/tire,Ruby,708
https://github.com/rails/exception_notification,Ruby,861
https://github.com/cloudhead/less,Ruby,1022
https://github.com/purplecabbage/phonegap-plugins,Objective-C,515
https://github.com/sstephenson/sprockets,Ruby,1421
https://github.com/defunkt/resque,Ruby,3571
https://github.com/wycats/thor,Ruby,1142
https://github.com/WordPress/WordPress,PHP,587
https://github.com/remy/jsbin,JavaScript,550
https://github.com/probablycorey/wax,C,910
https://github.com/driverdan/dropship,Python,716
https://github.com/ileitch/hijack,Ruby,623
https://github.com/clojure/clojurescript,Clojure,1269
https://github.com/msanders/snipmate.vim,VimL,1399
https://github.com/gekitz/UIDevice-with-UniqueIdentifier-for-iOS-5,Objective-C,834
https://github.com/samizdatco/arbor,JavaScript,724
https://github.com/xetorthio/jedis,Java,516
https://github.com/etsy/statsd,JavaScript,1988
https://github.com/openframeworks/openFrameworks,C,1698
https://github.com/visionmedia/express,JavaScript,6092
https://github.com/pivotal/jasmine,JavaScript,3167
https://github.com/HumbleSoftware/Flotr2,JavaScript,590
https://github.com/necolas/css3-github-buttons,,648
https://github.com/visionmedia/expresso,JavaScript,664
https://github.com/kennethreitz/requests,Python,2669
https://github.com/grails/grails-core,Java,606
https://github.com/happyworm/jPlayer,JavaScript,1190
https://github.com/etsy/deployinator,JavaScript,913
https://github.com/gmoledina/GMGridView,Objective-C,925
https://github.com/EightMedia/hammer.js,JavaScript,1424
https://github.com/viljamis/ResponsiveSlides.js,JavaScript,641
https://github.com/senchalabs/jQTouch,JavaScript,2209
https://github.com/diaspora/diaspora,Ruby,6640
https://github.com/jorgebastida/glue,Python,935
https://github.com/andreasgal/B2G,Shell,703
https://github.com/ql-io/ql.io,JavaScript,500
https://github.com/Bukkit/CraftBukkit,Java,1426
https://github.com/ndbroadbent/scm_breeze,Shell,616
https://github.com/ernie/squeel,Ruby,570
https://github.com/rhomobile/rhodes,C,647
https://github.com/steelThread/redmon,JavaScript,596
https://github.com/substance/substance,JavaScript,692
https://github.com/arduino/Arduino,Java,981
https://github.com/mathiasbynens/jquery-placeholder,JavaScript,768
https://github.com/square/SocketRocket,Python,632
https://github.com/wavded/humane-js,JavaScript,1102
https://github.com/johannilsson/android-actionbar,Java,548
https://github.com/puma/puma,Ruby,807
https://github.com/ChiperSoft/Kalendae,JavaScript,1272
https://github.com/ciaranj/node-oauth,JavaScript,628
https://github.com/jlong/sass-twitter-bootstrap,JavaScript,909
https://github.com/alex/django-taggit,Python,574
https://github.com/bbatsov/ruby-style-guide,Ruby,1588
https://github.com/github/janky,Ruby,1274
https://github.com/loopj/jquery-tokeninput,JavaScript,1186
https://github.com/mojombo/god,Ruby,1065
https://github.com/ibdknox/noir,Clojure,590
https://github.com/myell0w/MTStatusBarOverlay,Objective-C,842
https://github.com/cowboy/jquery-bbq,JavaScript,612
https://github.com/lg/murder,Python,1217
https://github.com/ryanb/nifty-generators,Ruby,1875
https://github.com/BigZaphod/Chameleon,Objective-C,1476
https://github.com/erica/iphone-3.0-cookbook-,Objective-C,846
https://github.com/moxiecode/plupload,C#,1446
https://github.com/grosser/parallel_tests,Ruby,669
https://github.com/defunkt/dotjs,Ruby,620
https://github.com/defunkt/cijoe,Ruby,994
https://github.com/robertpenner/as3-signals,ActionScript,822
https://github.com/cloudera/flume,Java,693
https://github.com/binarylogic/authlogic_example,Ruby,608
https://github.com/django/django-old,Python,4037
https://github.com/josephg/ShareJS,JavaScript,1010
https://github.com/1602/express-on-railway,JavaScript,778
https://github.com/opscode/cookbooks,Ruby,1737
https://github.com/play/play,Ruby,730
https://github.com/highslide-software/highcharts.com,JavaScript,652
https://github.com/drnic/ruby-on-rails-tmbundle,Ruby,1041
https://github.com/mojombo/jekyll,Ruby,6009
https://github.com/scambra/devise_invitable,Ruby,592
https://github.com/mojombo/chronic,Ruby,949
https://github.com/icefox/git-achievements,Shell,901
https://github.com/futuretap/InAppSettingsKit,Objective-C,1103
https://github.com/dcramer/sentry,Python,1249
https://github.com/jbrownlee/CleverAlgorithms,Ruby,620
https://github.com/zurb/foundation,PHP,3750
https://github.com/holman/dotfiles,VimL,762
https://github.com/sunspot/sunspot,Ruby,1223
https://github.com/mishoo/UglifyJS,JavaScript,2509
https://github.com/meteor/meteor,JavaScript,3066
https://github.com/samvermette/SVProgressHUD,Objective-C,968
https://github.com/apache/cassandra,Java,902
https://github.com/aziz/tmuxinator,Ruby,536
https://github.com/symfony/symfony-standard,PHP,627
https://github.com/slact/nginx_http_push_module,C,734
https://github.com/brotherbard/gitx,Objective-C,1608
https://github.com/cocos2d/cocos2d-x,C,509
https://github.com/LearnBoost/socket.io,JavaScript,4901
https://github.com/visionmedia/jade,JavaScript,2481
https://github.com/rubygems/rubygems.org,Ruby,665
https://github.com/twitter/flockdb,Scala,1342
https://github.com/scrapy/scrapy,Python,686
https://github.com/visionmedia/mocha,JavaScript,990
https://github.com/maccman/juggernaut,JavaScript,1396
https://github.com/visionmedia/git-extras,Shell,1303
https://github.com/bergie/create,JavaScript,911
https://github.com/amatsuda/kaminari,Ruby,2329
https://github.com/paperjs/paper.js,JavaScript,1537
https://github.com/hassox/warden,Ruby,886
https://github.com/marcel/aws-s3,Ruby,587
https://github.com/subsonic/SubSonic-3.0,C#,515
https://github.com/DanielRapp/twss.js,JavaScript,626
https://github.com/KentBeck/junit,Java,863
https://github.com/colszowka/simplecov,Ruby,715
https://github.com/fredwu/angel_nest,Ruby,554
https://github.com/cloudhead/cradle,JavaScript,627
https://github.com/visionmedia/masteringnode,JavaScript,962
https://github.com/yahoo/boomerang,JavaScript,663
https://github.com/railsmachine/moonshine,Ruby,622
https://github.com/bmabey/email-spec,Ruby,553
https://github.com/LearnBoost/node-canvas,C++,656
https://github.com/hoisie/web,Go,549
https://github.com/bmabey/database_cleaner,Ruby,561
https://github.com/benbarnett/jQuery-Animate-Enhanced,JavaScript,570
https://github.com/tobi/delayed_job,Ruby,1863
https://github.com/37signals/wysihat,JavaScript,659
https://github.com/dbalatero/typhoeus,Ruby,1329
https://github.com/micha/resty,Shell,629
https://github.com/cloudhead/http-console,JavaScript,797
https://github.com/omnigroup/OmniGroup,Objective-C,1094
https://github.com/murtaugh/HTML5-Reset-Wordpress-Theme,PHP,560
https://github.com/rtomayko/rdiscount,C,506
https://github.com/titanous/mailman,Ruby,548
https://github.com/documentcloud/backbone,JavaScript,7855
https://github.com/facebook/tornado,Python,3814
https://github.com/github/github-services,Ruby,787
https://github.com/kennethreitz/clint,Python,629
https://github.com/madrobby/microjs.com,JavaScript,552
https://github.com/thoughtbot/high_voltage,Ruby,607
https://github.com/twitter/bootstrap,JavaScript,27759
https://github.com/hmarr/mongoengine,Python,796
https://github.com/NateW/obtvse,Ruby,942
https://github.com/kennethreitz/python-guide,Python,986
https://github.com/locomotivecms/engine,Ruby,1093
https://github.com/mitsuhiko/flask,Python,2635
https://github.com/pydata/pandas,Python,640
https://github.com/ci-bonfire/Bonfire,PHP,680
https://github.com/symfony/symfony,PHP,4552
https://github.com/jquery/jquery-tmpl,JavaScript,1874
https://github.com/woothemes/FlexSlider,JavaScript,696
https://github.com/desandro/masonry,JavaScript,1997
https://github.com/cortesi/mitmproxy,Python,1048
https://github.com/fancyapps/fancyBox,JavaScript,585
https://github.com/maccman/macgap,Objective-C,1112
https://github.com/assaf/zombie,CoffeeScript,1052
https://github.com/javve/list,JavaScript,1296
https://github.com/vigetlabs/garb,Ruby,616
https://github.com/ddollar/foreman,Ruby,964
https://github.com/hyde/hyde,Python,527
https://github.com/johnpolacek/scrollorama,JavaScript,1345
https://github.com/sproutcore/sproutcore,JavaScript,1730
https://github.com/chjj/tty.js,JavaScript,527
https://github.com/route-me/route-me,Objective-C,642
https://github.com/meskyanichi/backup,Ruby,1547
https://github.com/nodejitsu/forever,JavaScript,1336
https://github.com/pixelmatrix/uniform,JavaScript,1450
https://github.com/flatiron/winston,JavaScript,602
https://github.com/voloko/uki,JavaScript,885
https://github.com/square/cube,JavaScript,1817
https://github.com/DanielRapp/Noisy,JavaScript,543
https://github.com/protocool/AckMate,Objective-C,760
https://github.com/ravendb/ravendb,C#,722
https://github.com/arsduo/koala,Ruby,1273
https://github.com/doug/depthjs,C++,683
https://github.com/darwin/visor,Objective-C,592
https://github.com/msgpack/msgpack,PHP,825
https://github.com/couchapp/couchapp,Python,584
https://github.com/codebutler/firesheep,C++,1200
https://github.com/capttaco/Briefs,Objective-C,1193
https://github.com/mnutt/hummingbird,JavaScript,1817
https://github.com/jezdez/textmate-missingdrawer,Objective-C,885
https://github.com/ieure/sicp,,599
https://github.com/gabriel/yajl-objc,Objective-C,557
https://github.com/sbecker/asset_packager,Ruby,597
https://github.com/cardmagic/contacts,Ruby,538
https://github.com/enyojs/enyo,JavaScript,997
https://github.com/resolve/refinerycms,Ruby,2239
https://github.com/lloyd/yajl,C,710
https://github.com/cameronmcefee/plax,JavaScript,625
https://github.com/hakimel/stroll.js,JavaScript,1125
https://github.com/vanillaforums/Garden,PHP,539
https://github.com/kennethreitz/legit,Python,1303
https://github.com/mattgallagher/AudioStreamer,Objective-C,612
https://github.com/alex/django-filter,Python,502
https://github.com/mislav/will_paginate,Ruby,3282
https://github.com/akitaonrails/vimfiles,VimL,829
https://github.com/jyoungblood/smoke.js,JavaScript,709
https://github.com/SpringSource/spring-framework,Java,747
https://github.com/appMobi/jQ.Mobi,JavaScript,769
https://github.com/github/hubot-scripts,CoffeeScript,1021
https://github.com/jquery/jquery-mobile,JavaScript,6221
https://github.com/bmatzelle/gow,Visual Basic,706
https://github.com/mbleigh/acts-as-taggable-on,Ruby,1810
https://github.com/ShareKit/ShareKit,Objective-C,681
https://github.com/facebook/three20,Objective-C,6277
https://github.com/jdg/MBProgressHUD,Objective-C,1717
https://github.com/seanpowell/Email-Boilerplate,,699
https://github.com/farbrausch/fr_public,C++,907
https://github.com/cloudfoundry/vcap,Ruby,1339
https://github.com/comfy/comfortable-mexican-sofa,Ruby,568
https://github.com/kraih/mojo,Perl,619
https://github.com/nodeca/fontomas,JavaScript,681
https://github.com/kohana/core,PHP,655
https://github.com/v8/v8,C++,703
https://github.com/git/git,C,2040
https://github.com/omab/django-social-auth,Python,1045
https://github.com/benedmunds/CodeIgniter-Ion-Auth,PHP,657
https://github.com/mikel/mail,Ruby,1164
https://github.com/opscode/chef,Ruby,1630
https://github.com/valums/ajax-upload,JavaScript,516
https://github.com/pilu/web-app-theme,Ruby,2486
https://github.com/markdotto/Preboot.less,,604
https://github.com/brynary/rack-bug,Ruby,813
https://github.com/TheRealKerni/QuincyKit,PHP,694
https://github.com/flot/flot,JavaScript,683
https://github.com/jodosha/redis-store,Ruby,669
https://github.com/elevation/event_calendar,Ruby,837
https://github.com/drhenner/ror_ecommerce,Ruby,511
https://github.com/leafo/lessphp,PHP,876
https://github.com/RuudBurger/CouchPotato,Python,831
https://github.com/mattgemmell/MGSplitViewController,Objective-C,936
https://github.com/jashkenas/coffee-script-tmbundle,,676
https://github.com/marcoarment/secondcrack,PHP,502
https://github.com/Flotype/now,JavaScript,1422
https://github.com/neror/ftutils,Objective-C,597
https://github.com/bububa/MongoHub-Mac,Objective-C,526
https://github.com/thoughtbot/hoptoad_notifier,Ruby,507
https://github.com/facebook/connect-js,JavaScript,1434
https://github.com/mozilla/skywriter,JavaScript,503
https://github.com/bmizerany/sinatra,Ruby,682